parameter,point_estimate,ci_95,ci_lo,ci_hi,identifiable,sensitivity_score,evidence,patient_id
p1,0.10494910394999268,"[3.15e-02, 3.15e-01]",0.031484731184997804,0.31484731184997805,no,0.5878840506869816,Profile likelihood did not cross threshold (flat manifold / unbounded CI),synthetic_000
p2,0.012448421872518411,"[3.73e-03, 3.73e-02]",0.0037345265617555233,0.03734526561755523,no,0.5593348053173584,Profile likelihood did not cross threshold (flat manifold / unbounded CI),synthetic_000
p3,0.0003359545322531502,"[1.01e-04, 1.01e-03]",0.00010078635967594505,0.0010078635967594506,no,0.6118271147050427,Profile likelihood did not cross threshold (flat manifold / unbounded CI),synthetic_000
n,0.11193103563768352,"[3.36e-02, 3.36e-01]",0.033579310691305056,0.33579310691305053,no,4.302054026093235,Profile likelihood did not cross threshold (flat manifold / unbounded CI),synthetic_000
p1,0.031612741626827395,"[9.48e-03, 2.70e-02]",0.009483822488048218,0.027010266615839388,no,0.9751155471167934,Profile likelihood did not cross threshold (flat manifold / unbounded CI),synthetic_001
p2,0.01633468979313167,"[4.90e-03, 1.40e-02]",0.004900406937939501,0.013956534729183357,no,1.2683326700135495,Profile likelihood did not cross threshold (flat manifold / unbounded CI),synthetic_001
p3,0.00010434657635312631,"[1.10e-04, 3.13e-04]",0.00010991425091542355,0.00031303972905937893,no,1.2645799932303987,Profile likelihood did not cross threshold (flat manifold / unbounded CI),synthetic_001
n,0.15227337550722095,"[4.57e-02, 1.30e-01]",0.04568201265216628,0.13010401057570764,no,17.725897877597674,Profile likelihood did not cross threshold (flat manifold / unbounded CI),synthetic_001
p1,0.028000423408604497,"[2.95e-02, 8.40e-02]",0.029494456568044794,0.0840012702258135,no,0.23643739408722553,Profile likelihood did not cross threshold (flat manifold / unbounded CI),synthetic_002
p2,0.027999763351298047,"[8.40e-03, 3.64e-02]",0.008399929005389413,0.036361287442376204,no,0.15794455366235383,Profile likelihood did not cross threshold (flat manifold / unbounded CI),synthetic_002
p3,4.999941135522996e-05,"[3.47e-05, 1.50e-04]",3.4651537547517584e-05,0.00014999823406568988,no,0.13869820218177864,Profile likelihood did not cross threshold (flat manifold / unbounded CI),synthetic_002
n,0.1499998633738688,"[4.50e-02, 1.28e-01]",0.04499995901216064,0.12816149734477442,no,6.517444339876867,Profile likelihood did not cross threshold (flat manifold / unbounded CI),synthetic_002
p1,0.11215929900944406,"[3.36e-02, 3.36e-01]",0.03364778970283322,0.3364778970283322,no,0.3328226501737177,Profile likelihood did not cross threshold (flat manifold / unbounded CI),synthetic_003
p2,0.004517624033509883,"[1.36e-03, 1.36e-02]",0.0013552872100529648,0.013552872100529648,no,0.2636433324672076,Profile likelihood did not cross threshold (flat manifold / unbounded CI),synthetic_003
p3,0.00018979501195127513,"[5.69e-05, 5.69e-04]",5.693850358538254e-05,0.0005693850358538254,no,0.2814513210375189,Profile likelihood did not cross threshold (flat manifold / unbounded CI),synthetic_003
n,0.1371516739368388,"[4.11e-02, 4.11e-01]",0.04114550218105164,0.4114550218105164,no,8.119175957552418,Profile likelihood did not cross threshold (flat manifold / unbounded CI),synthetic_003
p1,0.031612741626827395,"[9.48e-03, 2.70e-02]",0.009483822488048218,0.027010266615839388,no,0.584895763632943,Profile likelihood did not cross threshold (flat manifold / unbounded CI),synthetic_004
p2,0.01633468979313167,"[4.90e-03, 1.40e-02]",0.004900406937939501,0.013956534729183357,no,0.9145280578291448,Profile likelihood did not cross threshold (flat manifold / unbounded CI),synthetic_004
p3,0.00010434657635312631,"[1.10e-04, 3.13e-04]",0.00010991425091542355,0.00031303972905937893,no,0.8066891304207147,Profile likelihood did not cross threshold (flat manifold / unbounded CI),synthetic_004
n,0.15227337550722095,"[4.57e-02, 1.30e-01]",0.04568201265216628,0.13010401057570764,no,19.224221725829487,Profile likelihood did not cross threshold (flat manifold / unbounded CI),synthetic_004
